skills,career_path
"Python, Machine Learning, Data Analysis",Data Scientist
"Python, Deep Learning, TensorFlow",AI Engineer
"JavaScript, React, HTML, CSS",Frontend Developer
"Java, Spring Boot, SQL",Backend Developer
"Python, Django, REST API",Backend Developer
"HTML, CSS, JavaScript, Web Design",UI/UX Designer
"R, Statistics, Data Visualization",Data Analyst
"Linux, Networking, AWS",DevOps Engineer
"Python, NLP, Transformers",LLM Engineer
"Java, Android, XML",Android Developer
"Swift, iOS, Xcode",iOS Developer
"Node.js, Express.js, MongoDB",Full Stack Developer
"SQL, Tableau, Excel",Business Analyst
"C++, Algorithms, Competitive Programming",Software Developer
"Python, OpenCV, Image Processing",Computer Vision Engineer
